job_id,linkedin_id,title,company_name,company_linkedin_url,company_website,company_logo,company_description,company_employees_count,location,work_type,salary_min,salary_max,seniority_level,employment_type,job_function,industries,description_text,description_html,applicants_count,posted_at,deadline,apply_url,linkedin_url,poster_name,poster_title,poster_profile_url,relevance_score,score_reason,scraped_at,cv_generated,cover_generated,status
4CD6CA,4380787645,Remote ML Engineer - 60735,Turing,https://www.linkedin.com/company/turingcom?trk=public_jobs_jserp-result_job-search-card-subtitle,http://turing.com/s/wY0xCJ,https://media.licdn.com/dms/image/v2/D4D0BAQEMzTP7ySRl1w/company-logo_100_100/B4DZraOH1PGgAQ-/0/1764597727124?e=1774483200&v=beta&t=KBLafRIz8gKCqbuxZeOBjVdZAJg8eZizc42s0yH3bPA,"Turing is one of the world’s fastest-growing AI companies accelerating the advancement and deployment of powerful AI systems.

Turing helps customers in two ways: Working with the world’s leading AI labs to advance frontier model capabilities in thinking, reasoning, coding, agentic behavior, multimodality, multilinguality, STEM and frontier knowledge; and leveraging that work to build real-world AI systems that solve mission-critical priorities for companies.

Powering this growth is Turing’s talent cloud—an AI-vetted pool of 4M+ software engineers, data scientists, and STEM experts who can train models and build AI applications. All of this is orchestrated by ALAN—our AI-powered platform for matching and managing talent, and generating high-quality human and synthetic data to improve model performance. ALAN also accelerates workflows for model and agent evals, supervised fine-tuning, reinforcement learning, reinforcement learning with human feedback, preference-pair generation, benchmarking, data capture for pre-training, post-training, and building AI applications.

Turing—based in San Francisco, California—was named #1 on The Information’s annual list of “Top 50 Most Promising B2B Companies,” and has been profiled by Fast Company, TechCrunch, Reuters, Semafor, VentureBeat, Entrepreneur, CNBC, Forbes, and many others. Turing’s leadership team includes AI technologists from Meta, Google, Microsoft, Apple, Amazon, X, Stanford, Caltech, and MIT.",6334,Bangladesh,remote,,,Associate,Contract,Engineering,"Technology, Information and Internet","About Turing:Based in San Francisco, California, Turing is the world’s leading research accelerator for frontier AI labs and a trusted partner for global enterprises deploying advanced AI systems. Turing supports customers in two ways: first, by accelerating frontier research with high-quality data, advanced training pipelines, plus top AI researchers who specialize in coding, reasoning, STEM, multilinguality, multimodality, and agents; and second, by applying that expertise to help enterprises transform AI from proof of concept into proprietary intelligence with systems that perform reliably, deliver measurable impact, and drive lasting results on the P&amp;LRole Overview:We are looking for experienced Machine Learning Engineers (MLE Bench) to contribute to benchmark-driven evaluation projects focused on real-world machine learning systems. This role involves hands-on work with production-grade ML codebases, model training and evaluation pipelines, and deployment-oriented workflows to help assess and improve the capabilities of advanced AI systems.The ideal candidate is comfortable bridging research and engineering, working deeply with models, data, and infrastructure in realistic ML environments.What does day-to-day life look like?Work with real-world ML codebases to support MLE Bench–style evaluation tasks.Build, run, and modify model training, evaluation, and inference pipelines.Prepare datasets, features, and metrics for ML benchmarking and validation.Debug, refactor, and improve production-like ML systems for correctness and performance.Evaluate model behavior, failure modes, and edge cases relevant to benchmark tasks.Write clean, reproducible, and well-documented Python code for ML workflows.Participate in code reviews to ensure high standards of engineering quality.Collaborate with researchers and engineers to design challenging, real-world ML engineering tasks for AI system evaluation.Requirements:Minimum 3+ years of overall experience as a Machine Learning Engineer or Software Engineer (ML-focused).Strong proficiency in Python for machine learning and data workflows.Hands-on experience with model training, evaluation, and inference pipelines.Solid understanding of machine learning fundamentals (supervised/unsupervised learning, evaluation metrics, optimization).Experience working with ML frameworks (e.g., PyTorch, TensorFlow, JAX, or similar).Ability to understand, navigate, and modify complex, real-world ML codebases.Experience writing readable, reusable, and maintainable production-quality code.Strong problem-solving and debugging skills.Excellent spoken and written English communication skills.Perks of Freelancing With Turing:Work in a fully remote environment.Opportunity to work on cutting-edge AI projects with leading LLM companies.Offer Details:Commitments Required: At least 4 hours per day and minimum 20 hours per week with overlap of 4 hours with PST.Engagement Type: Contractor assignment (no medical/paid leave)Duration of Contract: 3 months (adjustable based on engagement)After applying, you will receive an email with a login link. Please use that link to access the portal and complete your profile.Know amazing talent? Refer them at turing.com/referrals, and earn money from your network.","<p><strong>About Turing:</strong></p><p>Based in San Francisco, California, Turing is the world’s leading research accelerator for frontier AI labs and a trusted partner for global enterprises deploying advanced AI systems. Turing supports customers in two ways: first, by accelerating frontier research with high-quality data, advanced training pipelines, plus top AI researchers who specialize in coding, reasoning, STEM, multilinguality, multimodality, and agents; and second, by applying that expertise to help enterprises transform AI from proof of concept into proprietary intelligence with systems that perform reliably, deliver measurable impact, and drive lasting results on the P&amp;L</p><p><br></p><p><strong>Role Overview:</strong></p><p>We are looking for experienced <strong>Machine Learning Engineers (MLE Bench)</strong> to contribute to benchmark-driven evaluation projects focused on real-world machine learning systems. This role involves hands-on work with production-grade ML codebases, model training and evaluation pipelines, and deployment-oriented workflows to help assess and improve the capabilities of advanced AI systems.</p><p>The ideal candidate is comfortable bridging research and engineering, working deeply with models, data, and infrastructure in realistic ML environments.</p><p><br></p><p><strong>What does day-to-day life look like?</strong></p><ul><li>Work with real-world ML codebases to support <strong>MLE Bench–style evaluation tasks</strong>.</li><li>Build, run, and modify <strong>model training, evaluation, and inference pipelines</strong>.</li><li>Prepare datasets, features, and metrics for ML benchmarking and validation.</li><li>Debug, refactor, and improve <strong>production-like ML systems</strong> for correctness and performance.</li><li>Evaluate model behavior, failure modes, and edge cases relevant to benchmark tasks.</li><li>Write <strong>clean, reproducible, and well-documented Python code</strong> for ML workflows.</li><li>Participate in <strong>code reviews</strong> to ensure high standards of engineering quality.</li><li>Collaborate with researchers and engineers to design <strong>challenging, real-world ML engineering tasks</strong> for AI system evaluation.</li></ul><p><br></p><p><strong>Requirements:</strong></p><ul><li>Minimum <strong>3+ years</strong> of overall experience as a <strong>Machine Learning Engineer or Software Engineer (ML-focused)</strong>.</li><li>Strong proficiency in <strong>Python</strong> for machine learning and data workflows.</li><li>Hands-on experience with <strong>model training, evaluation, and inference pipelines</strong>.</li><li>Solid understanding of <strong>machine learning fundamentals</strong> (supervised/unsupervised learning, evaluation metrics, optimization).</li><li>Experience working with <strong>ML frameworks</strong> (e.g., PyTorch, TensorFlow, JAX, or similar).</li><li>Ability to understand, navigate, and modify <strong>complex, real-world ML codebases</strong>.</li><li>Experience writing <strong>readable, reusable, and maintainable production-quality code</strong>.</li><li>Strong problem-solving and debugging skills.</li><li>Excellent spoken and written <strong>English communication skills</strong>.</li></ul><p><br></p><p><strong>Perks of Freelancing With Turing:</strong></p><ul><li>Work in a fully remote environment.</li><li>Opportunity to work on cutting-edge AI projects with leading LLM companies.</li></ul><p><br></p><p><strong>Offer Details:</strong></p><ul><li><strong>Commitments Required:</strong> At least 4 hours per day and minimum 20 hours per week with overlap of 4 hours with PST.</li><li><strong>Engagement Type:</strong> Contractor assignment (no medical/paid leave)</li><li><strong>Duration of Contract:</strong> 3 months (adjustable based on engagement)</li></ul><p><br></p><p><strong>After applying, you will receive an email with a login link. Please use that link to access the portal and complete your profile.</strong></p><p><br></p><p>Know amazing talent? Refer them at turing.com/referrals, and earn money from your network.</p>",55,2026-03-04,2026-04-03,,https://bd.linkedin.com/jobs/view/remote-ml-engineer-60735-at-turing-4380787645?refId=Qm0IQy5He0r5Tpo25e2wKw%3D%3D&trackingId=%2Bw6f88DXluQu7V81CWcLDA%3D%3D&position=1&pageNum=0,,,,85.0,"Strong skills in Python, ML frameworks, and NLP align well with the ML Engineer role, and candidate's experience in fine-tuning language models matches the frontier AI focus.",2026-03-05 15:25:55,True,False,scored
2B0EE4,4379354193,AI Engineer (Hybrid) - (For Indetechs Software Limited.)-Job ID: 1465853,Bdjobs.com,https://bd.linkedin.com/company/mybdjobs?trk=public_jobs_jserp-result_job-search-card-subtitle,http://bdjobs.com,https://media.licdn.com/dms/image/v2/D560BAQHIsBqGHskdjg/company-logo_100_100/company-logo_100_100/0/1730114573321/mybdjobs_logo?e=1774483200&v=beta&t=74eIubswm_9LEjTKys64BkgsaTlJTd6a6VRcbFDReMM,"Established in 2000, Bdjobs.com Limited operates the largest online employment exchange of Bangladesh. www.bdjobs.com is the largest job portal in the country and also one of the most visited web sites in Bangladesh. It is also among the top five (5) visited job portal in South Asia. 

Vision: The vision of the company is to try bringing Internet technology in the mainstream business and economic life of the society.

Highlights 

	In the last eighteen (18) years of operation, over 1,000,000 professionals have found suitable employment for themselves through our services in 18,000+ organizations, both in Bangladesh and other parts of the world. 

	The online CV database of Bdjobs.com hosts structured CVs of over 1,900,000 professionals. This is the largest electronic database of professionals in the country. 

	The site has a user base of over 2,500,000 visitors. Every day 150,000+ people visit www.bdjobs.com, making it the most popular local website in the country  The monthly page view of the site is over 40 million. 

	The site displays more than 4,000 job advertisements in any point of time.

	So far, our training department has organized training programs to train (in different professional skills & tracks) to over 50,000 professionals from over 5,000 organizations. Currently we are the largest corporate training provider in the country.
",1047,"Dhaka, Bangladesh",hybrid,,,Executive,Contract,Information Technology,Software Development,"Indetechs Software Limited. is looking for AI Engineer (Hybrid)Job Description / ResponsibilityAbout UsWe craft innovative solutions across diverse industrial sectors. Fueled by passion, precision, and purpose, Indetechs Software Ltd. sits at the crossroads of technical expertise and business acumen.We are a global team of engineers, innovators, and strategists collaborating closely with international partners to enhance operations and develop sustainable, future-ready solutions. We specialize in delivering forefront engineering solutions (LCA, Decision Support Systems), digital transformation (Digital Twins, Product Passports), and strategic communications for global initiatives.The Role:We are seeking a skilled AI engineer to join our team in Dhaka. You will bridge the gap between R&amp;D and software engineering, collaborating with international professionals to build and deploy AI solutions for complex scientific problems. Additionally, you will be responsible for preparing technical reports and delivering presentations to share research findings with our global partners.Key Responsibilities:Model Development: Design, train, and validate ML models (Regression, Classification, Time-Series)Data Pipelines: Build pipelines to clean and manage datasets from diverse sources (sensors, medical records, etc.).Deployment: Wrap ML models into APIs (FastAPI/Flask) for integration into various applications.Collaboration: Work with domain experts across EU and UK researchers to translate scientific concepts into production-ready code.Educational RequirementsBachelor of Science (BSc)Master of Science (MSc)Skills Required: Artificial intelligence (AI)Experience RequirementsAt least 3 year(s)The applicants should have experience in the following business area(s):Artificial Intelligence (AI) StartupAdditional RequirementsRequirements:Tech Stack: Expert Python skills with strong command of NumPy, Pandas, Scikit-Learn, and PyTorch/TensorFlow.Engineering: Proficiency in Git and RESTful APIs.Communication: Excellent English skills are required for coordination with our UK and European partners.Experience is negotiable for highly skilled individuals.Preferred Qualifications:Good at mathematicsExperience with MLOps (Docker) or Cloud platforms (AWS/GCP).Familiarity with Computer Vision (OpenCV) or NLP.Job LocationAnywhere in Bangladesh","<p><strong>Indetechs Software Limited. </strong>is looking for <strong>AI Engineer (Hybrid)</strong></p><p><br></p><p><strong>Job Description / Responsibility</strong></p><p><strong>About Us</strong></p><p>We craft innovative solutions across diverse industrial sectors. Fueled by passion, precision, and purpose, Indetechs Software Ltd. sits at the crossroads of technical expertise and business acumen.We are a global team of engineers, innovators, and strategists collaborating closely with international partners to enhance operations and develop sustainable, future-ready solutions. We specialize in delivering forefront engineering solutions (LCA, Decision Support Systems), digital transformation (Digital Twins, Product Passports), and strategic communications for global initiatives.</p><p><strong>The Role:</strong></p><p>We are seeking a skilled AI engineer to join our team in Dhaka. You will bridge the gap between R&amp;D and software engineering, collaborating with international professionals to build and deploy AI solutions for complex scientific problems. Additionally, you will be responsible for preparing technical reports and delivering presentations to share research findings with our global partners.</p><p><strong>Key Responsibilities:</strong></p><ul><li>Model Development: Design, train, and validate ML models (Regression, Classification, Time-Series)</li><li>Data Pipelines: Build pipelines to clean and manage datasets from diverse sources (sensors, medical records, etc.).</li><li>Deployment: Wrap ML models into APIs (FastAPI/Flask) for integration into various applications.</li><li>Collaboration: Work with domain experts across EU and UK researchers to translate scientific concepts into production-ready code.</li></ul><p><br></p><p><br></p><p><strong>Educational Requirements</strong></p><ul><li>Bachelor of Science (BSc)</li><li>Master of Science (MSc)</li><li>Skills Required: Artificial intelligence (AI)</li></ul><p><strong>Experience Requirements</strong></p><ul><li>At least 3 year(s)</li><li>The applicants should have experience in the following business area(s):</li><li>Artificial Intelligence (AI) Startup</li></ul><p><br></p><p><strong>Additional Requirements</strong></p><p><strong>Requirements:</strong></p><ul><li>Tech Stack: Expert Python skills with strong command of NumPy, Pandas, Scikit-Learn, and PyTorch/TensorFlow.</li><li>Engineering: Proficiency in Git and RESTful APIs.</li><li>Communication: Excellent English skills are required for coordination with our UK and European partners.</li><li>Experience is negotiable for highly skilled individuals.</li></ul><p><strong>Preferred Qualifications:</strong></p><ul><li>Good at mathematics</li><li>Experience with MLOps (Docker) or Cloud platforms (AWS/GCP).</li><li>Familiarity with Computer Vision (OpenCV) or NLP.</li></ul><p><br></p><p><strong>Job Location</strong></p><p>Anywhere in Bangladesh</p>",25,2026-03-05,2026-04-04,https://www.linkedin.com,https://bd.linkedin.com/jobs/view/ai-engineer-hybrid-for-indetechs-software-limited-job-id-1465853-at-bdjobs-com-4379354193?refId=lmBJ5nKJZ1jQ9g0vF2vs2A%3D%3D&trackingId=BCgE9dxV4%2Fd%2Byr5IyB9keg%3D%3D&position=1&pageNum=0,,,,70.0,Candidate has relevant AI skills and experience but may lack specific domain knowledge in industrial solutions and strategic engineering for this hybrid AI engineer role.,2026-03-05 15:29:48,False,False,scored
E81977,4362271496,Frontend Engineer (NextJs + Figma),nextjobz,https://bd.linkedin.com/company/next-jobz?trk=public_jobs_jserp-result_job-search-card-subtitle,https://nextjobz.com.bd/,https://media.licdn.com/dms/image/v2/D560BAQHzJUz67NJ0ZA/company-logo_100_100/B56ZqcJHx2I0AQ-/0/1763556228904?e=1774483200&v=beta&t=ycFbQZeT_upFYM6ThTF71ZswOLRFSQhy-Ff-89scopM,"Nextjobz is a career platform powered by Akij Resource, designed to bridge the gap between talent and opportunity.",18,"Dhaka, Dhaka, Bangladesh",onsite,,,Entry level,Full-time,Engineering and Information Technology,Staffing and Recruiting,"Company Name: RacoAILocation: DhakaJob Type: Full-TimeWorkplace Type: On-SiteJob ID: IJOB202614011Join RacoAI as a Frontend EngineerURGENT HIRINGJob Type: On-site, Weekly 5 daysLocation: Uttara, DhakaPosition: 1About RacoAIAt RacoAI, we build AI-driven products that help businesses understand and utilize their data more intelligently. We are intentional about how we build prioritizing clarity, long-term thinking, and engineering discipline over shortcuts. We operate with a high level of trust, accountability, and respect. Our teams work in a cross-functional environment where engineering, AI, product, and operations collaborate closely. We believe great products are built by people who care deeply about quality, ethics, and ownership.Role OverviewWe are looking for a Frontend Engineer with strong expertise in Figma and modern frontend development. This role is fully focused on frontend engineering and UI/UX design, there are no backend or AI development responsibilities. You will work closely with the Team Lead and COO, as well as a cross-functional AI team, to clearly understand product goals from a high-level perspective, define user flows, and implement frontend solutions that meet both product and engineering standards. This role is suited for someone who takes pride in their work, values clear communication, and holds themselves to a high bar. We are looking for someone who wants to be excellent not by title, but by execution.Key ResponsibilitiesDevelop a clear understanding of product requirements, system behavior, and user journeys from a high-level business and technical viewpoint.Actively seek clarity and alignment from the Team Lead,and COO before execution, ensuring no ambiguity in scope or intent.Collaborate closely with cross-functional AI, product, and engineering teams with professionalism and mutual respect.Design user flows, wireframes, and high-fidelity interfaces using Figma, maintaining usability, consistency, and simplicity.Translate approved Figma designs into pixel-accurate, responsive, and maintainable frontend implementations.Develop and maintain frontend applications using React.js / Next.js.Integrate frontend applications with backend and AI-powered APIs, handling data flow, loading states, and edge cases responsibly.Build scalable, reusable UI components that can grow with the product.Ensure frontend quality through attention to performance, accessibility, and user experience.Communicate in a professional, ethical, and respectful manner at all times.Participate in design reviews, sprint planning, and frontend architecture discussions with a solutions-oriented mindset.Mandatory SkillsStrong expertise in Figma (Auto Layout,components, variants, and design systems).Strong experience with React.js and Next.js.Excellent command of HTML5, CSS3, and modern styling approaches (Tailwind CSS/Bootstrap CSS/ CSS Modules).Solid understanding of JavaScript (ES6+).Strong understanding of UI/UX principles, user flows, and interaction design.Hands-on experience with API integration (REST APIs, async data handling and more).Ability to translate high-level direction into clear ui design.Comfortable working in a team that values accountability and quality over speed alone.Familiarity with Git and collaborative development workflows.Bonus Skills (Nice To Have)Experience working with enterprise applications like data-heavy or AI-powered interfaces.Experience contributing to or maintaining design systems.Familiarity with frontend testing tools.EducationBachelor’s degree in Computer Science, Software Engineering, or a related fieldA strong frontend and Figma portfolio is highly valued.Salary Range : 20000-25000 BDT (Based on experience and skill level)We value competence and ownership over years of experience.Why RacoAIYou will work with people who take their responsibilities seriously.Clear direction and decision-making from leadership (Team Lead,COO).A culture where quality is expected, not negotiated.Honest communication, realistic timelines, and mutual respect.Opportunity to build products you can be proud of.A workplace that rewards discipline, clarity, and continuous improvement.Employee FacilitiesYearly Performance Bonus Annual bonus of up to 100% of monthly salary.5% bonus on project completion acquired by youYearly two incrementOffice Snacks &amp; RefreshmentsComplimentary snacks and refreshments to support a comfortable and productive work environment.Supportive &amp; Respectful WorkplaceA professional environment built on mutual respect,clear communication, ethical practices, and long-term employee well-being.Requirements Experience: N/A  Education: Bachelor’s degree in Computer Science, Bachelor’s degree in Software Engineering, Related field  Skills: Figma, React.js, Next.js, HTML5, CSS3, Tailwind CSS, Bootstrap CSS, CSS Modules, JavaScript (ES6+), UI/UX principles, API integration, Git Last Date of Application: 09 March 2026","<strong>Company Name:</strong> RacoAI<br><br><strong>Location:</strong> Dhaka<br><br><strong>Job Type:</strong> Full-Time<br><br><strong>Workplace Type:</strong> On-Site<br><br><strong>Job ID:</strong> IJOB202614011<br><br><strong>Join RacoAI as a Frontend Engineer<br><br></strong><strong>URGENT HIRING<br><br></strong><strong>Job Type:</strong> On-site, Weekly 5 days<br><br><strong>Location:</strong> Uttara, Dhaka<br><br><strong>Position:</strong> 1<br><br><strong>About RacoAI<br><br></strong>At RacoAI, we build AI-driven products that help businesses understand and utilize their data more intelligently. We are intentional about how we build prioritizing clarity, long-term thinking, and engineering discipline over shortcuts. We operate with a <strong>high level of trust, accountability, and respect.</strong> Our teams work in a cross-functional environment where engineering, AI, product, and operations collaborate closely. We believe great products are built by people who care deeply about quality, ethics, and ownership.<br><br><strong>Role Overview<br><br></strong>We are looking for a <strong>Frontend Engineer</strong> with strong expertise in Figma and modern frontend development. This role is fully focused on frontend engineering and UI/UX design, there are no backend or AI development responsibilities. You will work closely with the Team Lead and COO, as well as a cross-functional AI team, to clearly understand product goals from a high-level perspective, define user flows, and implement frontend solutions that meet both product and engineering standards. This role is suited for someone who takes pride in their work, values clear communication, and holds themselves to a high bar. We are looking for someone who wants to be excellent not by title, but by execution.<br><br><strong>Key Responsibilities<br><br></strong><ul><li>Develop a clear understanding of product requirements, system behavior, and user journeys from a high-level business and technical viewpoint.</li><li>Actively seek clarity and alignment from the Team Lead,and COO before execution, ensuring no ambiguity in scope or intent.</li><li>Collaborate closely with cross-functional AI, product, and engineering teams with professionalism and mutual respect.</li><li>Design user flows, wireframes, and high-fidelity interfaces using Figma, maintaining usability, consistency, and simplicity.</li><li>Translate approved Figma designs into pixel-accurate, responsive, and maintainable frontend implementations.</li><li>Develop and maintain frontend applications using React.js / Next.js.</li><li>Integrate frontend applications with backend and AI-powered APIs, handling data flow, loading states, and edge cases responsibly.</li><li>Build scalable, reusable UI components that can grow with the product.</li><li>Ensure frontend quality through attention to performance, accessibility, and user experience.</li><li>Communicate in a professional, ethical, and respectful manner at all times.</li><li>Participate in design reviews, sprint planning, and frontend architecture discussions with a solutions-oriented mindset.<br><br></li></ul><strong>Mandatory Skills<br><br></strong><ul><li>Strong expertise in Figma (Auto Layout,components, variants, and design systems).</li><li>Strong experience with React.js and Next.js.</li><li>Excellent command of HTML5, CSS3, and modern styling approaches (Tailwind CSS/Bootstrap CSS/ CSS Modules).</li><li>Solid understanding of JavaScript (ES6+).</li><li>Strong understanding of UI/UX principles, user flows, and interaction design.</li><li>Hands-on experience with API integration (REST APIs, async data handling and more).</li><li>Ability to translate high-level direction into clear ui design.</li><li>Comfortable working in a team that values accountability and quality over speed alone.</li><li>Familiarity with Git and collaborative development workflows.<br><br></li></ul><strong>Bonus Skills (Nice To Have)<br><br></strong><ul><li>Experience working with enterprise applications like data-heavy or AI-powered interfaces.</li><li>Experience contributing to or maintaining design systems.</li><li>Familiarity with frontend testing tools.<br><br></li></ul><strong>Education<br><br></strong><ul><li>Bachelor’s degree in Computer Science, Software Engineering, or a related field</li><li>A strong frontend and Figma portfolio is highly valued.<br><br></li></ul><strong>Salary Range : 20000-25000 BDT (Based on experience and skill level)<br><br></strong>We value competence and ownership over years of experience.<br><br><strong>Why RacoAI<br><br></strong><ul><li>You will work with people who take their responsibilities seriously.</li><li>Clear direction and decision-making from leadership (Team Lead,COO).</li><li>A culture where quality is expected, not negotiated.</li><li>Honest communication, realistic timelines, and mutual respect.</li><li>Opportunity to build products you can be proud of.</li><li>A workplace that rewards discipline, clarity, and continuous improvement.<br><br></li></ul><strong>Employee Facilities<br><br></strong><ul><li>Yearly Performance Bonus Annual bonus of up to 100% of monthly salary.</li><li>5% bonus on project completion acquired by you</li><li>Yearly two increment</li><li>Office Snacks &amp; Refreshments<br><br></li></ul>Complimentary snacks and refreshments to support a comfortable and productive work environment.<br><br><ul><li>Supportive &amp; Respectful Workplace<br><br></li></ul>A professional environment built on mutual respect,clear communication, ethical practices, and long-term employee well-being.<br><br><strong>Requirements<br><br></strong><ul><li> Experience: N/A </li><li> Education: Bachelor’s degree in Computer Science, Bachelor’s degree in Software Engineering, Related field </li><li> Skills: Figma, React.js, Next.js, HTML5, CSS3, Tailwind CSS, Bootstrap CSS, CSS Modules, JavaScript (ES6+), UI/UX principles, API integration, Git <br><br></li></ul><strong>Last Date of Application:</strong> 09 March 2026",200,2026-03-03,2026-04-02,https://nextjobz.com.bd/job/IJOB202614011?src=Linkedin,https://bd.linkedin.com/jobs/view/frontend-engineer-nextjs-%2B-figma-at-nextjobz-4362271496?refId=lpJT0km96FSwSV3WDA4r7A%3D%3D&trackingId=e3SqQ6jsAHzxUiRqrOxjhQ%3D%3D&position=7&pageNum=0,,,,20.0,"Candidate's skills are heavily focused on backend and ML, with limited frontend or UI/UX experience, making this role less relevant.",2026-03-05 15:33:11,False,False,scored
3CA911,4376684075,Management Trainee Officer - MIS (AI Developer) - (For PRAN Group) - Job ID - 1464398,Bdjobs.com,https://bd.linkedin.com/company/mybdjobs?trk=public_jobs_jserp-result_job-search-card-subtitle,http://bdjobs.com,https://media.licdn.com/dms/image/v2/D560BAQHIsBqGHskdjg/company-logo_100_100/company-logo_100_100/0/1730114573321/mybdjobs_logo?e=1774483200&v=beta&t=74eIubswm_9LEjTKys64BkgsaTlJTd6a6VRcbFDReMM,"Established in 2000, Bdjobs.com Limited operates the largest online employment exchange of Bangladesh. www.bdjobs.com is the largest job portal in the country and also one of the most visited web sites in Bangladesh. It is also among the top five (5) visited job portal in South Asia. 

Vision: The vision of the company is to try bringing Internet technology in the mainstream business and economic life of the society.

Highlights 

	In the last eighteen (18) years of operation, over 1,000,000 professionals have found suitable employment for themselves through our services in 18,000+ organizations, both in Bangladesh and other parts of the world. 

	The online CV database of Bdjobs.com hosts structured CVs of over 1,900,000 professionals. This is the largest electronic database of professionals in the country. 

	The site has a user base of over 2,500,000 visitors. Every day 150,000+ people visit www.bdjobs.com, making it the most popular local website in the country  The monthly page view of the site is over 40 million. 

	The site displays more than 4,000 job advertisements in any point of time.

	So far, our training department has organized training programs to train (in different professional skills & tracks) to over 50,000 professionals from over 5,000 organizations. Currently we are the largest corporate training provider in the country.
",1047,"Rajshahi, Bangladesh",onsite,,,Executive,Full-time,Information Technology,Manufacturing,"PRAN Group is looking for Management Trainee Officer - MIS (AI Developer)Job Description / ResponsibilityAssist in the collection, validation, and organization of large datasets from various internal sources (sales, finance, operations)Generate regular and ad-hoc reports using SQL, Excel, or BI tools (e.g., Power BI, Tableau) to support management decisionsMonitor the performance of existing MIS systems, troubleshoot data discrepancies, and ensure data integrity and securityStudy current business workflows to identify bottlenecks and areas where automation or data analysis can add valueSupport senior developers in building, training, and testing machine learning models for predictive analytics (e.g., sales forecasting, customer churn prediction)Assist in integrating AI capabilities (like chatbots, recommendation engines, or intelligent dashboards) into existing MIS platformsDevelop scripts and automation tools (using Python or similar) to streamline manual reporting tasks and data cleansing processesStay updated on the latest trends in AI, large language models (LLMs), and data analytics, proposing innovative applications for the businessEducational RequirementsBachelor of Science (BSc)Bachelor’s degree in Computer Science, Information Systems, Data Science, Software Engineering, or a related fieldSkills Required: Programming, Database management, MIS Reporting, Artificial intelligence (AI)Experience RequirementsAt most 2 year(s)The applicants should have experience in the following business area(s): Software Company,IT Enabled ServiceFreshers are also encouraged to apply.Additional RequirementsStrong problem-solving skills with the ability to interpret complex dataA genuine passion for AI and technology, with the initiative to self-learnAbility to translate technical findings into simple business insights for non-technical stakeholdersHigh level of accuracy in data handling and reportingJob LocationRajshahi","<p><strong>PRAN Group </strong>is looking for <strong>Management Trainee Officer - MIS (AI Developer)</strong></p><p><br></p><p><strong>Job Description / Responsibility</strong></p><ul><li>Assist in the collection, validation, and organization of large datasets from various internal sources (sales, finance, operations)</li><li>Generate regular and ad-hoc reports using SQL, Excel, or BI tools (e.g., Power BI, Tableau) to support management decisions</li><li>Monitor the performance of existing MIS systems, troubleshoot data discrepancies, and ensure data integrity and security</li><li>Study current business workflows to identify bottlenecks and areas where automation or data analysis can add value</li><li>Support senior developers in building, training, and testing machine learning models for predictive analytics (e.g., sales forecasting, customer churn prediction)</li><li>Assist in integrating AI capabilities (like chatbots, recommendation engines, or intelligent dashboards) into existing MIS platforms</li><li>Develop scripts and automation tools (using Python or similar) to streamline manual reporting tasks and data cleansing processes</li><li>Stay updated on the latest trends in AI, large language models (LLMs), and data analytics, proposing innovative applications for the business</li></ul><p><br></p><p><strong>Educational Requirements</strong></p><ul><li>Bachelor of Science (BSc)</li><li>Bachelor’s degree in Computer Science, Information Systems, Data Science, Software Engineering, or a related field</li><li>Skills Required: Programming, Database management, MIS Reporting, Artificial intelligence (AI)</li></ul><p><br></p><p><strong>Experience Requirements</strong></p><ul><li>At most 2 year(s)</li><li>The applicants should have experience in the following business area(s): Software Company,IT Enabled Service</li><li>Freshers are also encouraged to apply.</li></ul><p><br></p><p><strong>Additional Requirements</strong></p><ul><li>Strong problem-solving skills with the ability to interpret complex data</li><li>A genuine passion for AI and technology, with the initiative to self-learn</li><li>Ability to translate technical findings into simple business insights for non-technical stakeholders</li><li>High level of accuracy in data handling and reporting</li></ul><p><br></p><p><strong>Job Location</strong></p><p>Rajshahi</p>",62,2026-03-02,2026-04-01,,https://bd.linkedin.com/jobs/view/management-trainee-officer-mis-ai-developer-for-pran-group-job-id-1464398-at-bdjobs-com-4376684075?refId=lpJT0km96FSwSV3WDA4r7A%3D%3D&trackingId=FCFsfsqNPG8L0aitfXY7HQ%3D%3D&position=8&pageNum=0,,,,75.0,"Experience with data handling, SQL, and ML model support aligns with the AI Developer role, though the focus on MIS and business workflows is somewhat peripheral.",2026-03-05 15:33:11,False,False,scored
B598F5,4361893800,AI Engineer,nextjobz,https://bd.linkedin.com/company/next-jobz?trk=public_jobs_jserp-result_job-search-card-subtitle,https://nextjobz.com.bd/,https://media.licdn.com/dms/image/v2/D560BAQHzJUz67NJ0ZA/company-logo_100_100/B56ZqcJHx2I0AQ-/0/1763556228904?e=1774483200&v=beta&t=ycFbQZeT_upFYM6ThTF71ZswOLRFSQhy-Ff-89scopM,"Nextjobz is a career platform powered by Akij Resource, designed to bridge the gap between talent and opportunity.",18,"Dhaka, Dhaka, Bangladesh",onsite,,,Entry level,Full-time,Engineering and Information Technology,Staffing and Recruiting,"Company Name: RacoAILocation: DhakaJob Type: Full-TimeWorkplace Type: On-SiteJob ID: IJOB202613918Join Raco AI as AI Engineer URGENT HIRINGJob Type: On-site, Weekly 5 daysLocation: Uttara, DhakaPosition: 1About RacoAIAt RacoAI, we build AI-driven products that help businesses understand and utilize their data more intelligently. We are intentional about how we build prioritizing clarity, long-term thinking, and engineering discipline over shortcuts.We operate with a high level of trust, accountability, and respect. Our teams work in a cross-functional environment where engineering, AI, product, and operations collaborate closely. We believe great products are built by people who care deeply about quality, ethics, and ownership.Role OverviewAs an AI Engineer at Raco AI, you will build, and optimize state-of-the-art AI systems, focusing on Large Language Models (LLMs), Retrieval-Augmented Generation (RAG), Vision-Language Models (VLM), Speech-to-Text (STT), Text-to-Speech (TTS), and Multimodal Analysis. You will create, fine-tune, adapt, and train models for production-level applications, while collaborating with product and backend teams to deploy AI-driven solutions. Your work will directly impact how RacoAI delivers cutting-edge AI capabilities to our customers.Key ResponsibilitiesDesign, fine-tune, and train LLMs, VLM, STT, TTS, and multimodal AI models. Implement reinforcement learning pipelines and RLHF (Reinforcement Learning with Human Feedback) for model optimization. Develop scalable AI APIs and services using FastAPI. Design and maintain database schemas and model metadata in PostgreSQL and MongoDB. Evaluate model performance, implement improvements, and ensure reliability and robustness.Collaborate with backend and product teams to integrate AI models into production systems.Research and prototype new AI architectures, frameworks, and training techniques. Optimize training pipelines for performance, cost, and scalability. Maintain clear documentation of AI models, experiments, and training workflows. Mandatory SkillsStrong understanding of Object-Oriented Programming (OOP). Good foundation in Data Structures &amp; Algorithms. Proven expertise in LLM, RAG, VLM, STT, TTS, and multimodal AI architectures. Strong experience in fine-tuning, training, and modifying AI models for production use. Deep understanding of reinforcement learning (RL) and RLHF, with hands-on implementation experience. Proficiency in Python and FastAPI for building high-performance AI services. Solid experience with PostgreSQL and MongoDB for managing model data, embeddings, and metadata. Competence in distributed training, GPU pipelines, and deploying large-scale AI models. Strong mathematical and algorithmic foundation in machine learning, optimization, and neural networks. Education Bachelor’s or Master’s degree in Computer Science, AI or related fields. Research experience in large-scale AI, multimodal models, or reinforcement learning is a plus.Salary Range : 20000-25000 BDT (Based on experience and skill level) Why RacoAI You will work with people who take their responsibilities seriously. Clear direction and decision-making from leadership (Team Lead,COO). A culture where quality is expected, not negotiated. Honest communication, realistic timelines, and mutual respect. Opportunity to build products you can be proud of. A workplace that rewards discipline, clarity, and continuous improvement. Employee FacilitiesAnnual bonus of up to 100% of monthly salary. 5% bonus on project completion acquired by you Yearly two increment Office Snacks &amp; RefreshmentsComplimentary snacks and refreshments to support a comfortable and productive work environment.Supportive &amp; Respectful Workplace A professional environment built on mutual respect, clear communication, ethical practices, and long-term employee well-being.Requirements Experience: N/A  Education: Bachelor’s or Master’s degree in Computer Science, AI or related fields  Skills: Object-Oriented Programming (OOP), Data Structures &amp; Algorithms, LLM, RAG, VLM, STT, TTS, Multimodal AI architectures, Reinforcement learning (RL), RLHF, Python, FastAPI, PostgreSQL, MongoDB, Distributed training, GPU pipelines, Machine learning, Optimization, Neural networks Last Date of Application: 09 March 2026","<strong>Company Name:</strong> RacoAI<br><br><strong>Location:</strong> Dhaka<br><br><strong>Job Type:</strong> Full-Time<br><br><strong>Workplace Type:</strong> On-Site<br><br><strong>Job ID:</strong> IJOB202613918<br><br><strong>Join Raco AI as AI Engineer <br><br></strong>URGENT HIRING<br><br><strong>Job Type:</strong> On-site, Weekly 5 days<br><br><strong>Location:</strong> Uttara, Dhaka<br><br><strong>Position:</strong> 1<br><br><strong>About RacoAI<br><br></strong>At RacoAI, we build AI-driven products that help businesses understand and utilize their data more intelligently. We are intentional about how we build prioritizing clarity, long-term thinking, and engineering discipline over shortcuts.<br><br>We operate with a <strong>high level of trust, accountability, and respect</strong>. Our teams work in a cross-functional environment where engineering, AI, product, and operations collaborate closely. We believe great products are built by people who care deeply about quality, ethics, and ownership.<br><br><strong>Role Overview<br><br></strong>As an AI Engineer at Raco AI, you will build, and optimize state-of-the-art AI systems, focusing on Large Language Models (LLMs), Retrieval-Augmented Generation (RAG), Vision-Language Models (VLM), Speech-to-Text (STT), Text-to-Speech (TTS), and Multimodal Analysis. You will create, fine-tune, adapt, and train models for production-level applications, while collaborating with product and backend teams to deploy AI-driven solutions. Your work will directly impact how RacoAI delivers cutting-edge AI capabilities to our customers.<br><br><strong>Key Responsibilities<br><br></strong><ul><li>Design, fine-tune, and train LLMs, VLM, STT, TTS, and multimodal AI models. </li><li>Implement reinforcement learning pipelines and RLHF (Reinforcement Learning with Human Feedback) for model optimization. </li><li>Develop scalable AI APIs and services using FastAPI. </li><li>Design and maintain database schemas and model metadata in PostgreSQL and MongoDB. </li><li>Evaluate model performance, implement improvements, and ensure reliability and robustness.</li><li>Collaborate with backend and product teams to integrate AI models into production systems.</li><li>Research and prototype new AI architectures, frameworks, and training techniques. </li><li>Optimize training pipelines for performance, cost, and scalability. </li><li>Maintain clear documentation of AI models, experiments, and training workflows. <br><br></li></ul><strong>Mandatory Skills<br><br></strong><ul><li>Strong understanding of Object-Oriented Programming (OOP). </li><li>Good foundation in Data Structures &amp; Algorithms. </li><li>Proven expertise in LLM, RAG, VLM, STT, TTS, and multimodal AI architectures. </li><li>Strong experience in fine-tuning, training, and modifying AI models for production use. </li><li>Deep understanding of reinforcement learning (RL) and RLHF, with hands-on implementation experience. </li><li>Proficiency in Python and FastAPI for building high-performance AI services. </li><li>Solid experience with PostgreSQL and MongoDB for managing model data, embeddings, and metadata. </li><li>Competence in distributed training, GPU pipelines, and deploying large-scale AI models. </li><li>Strong mathematical and algorithmic foundation in machine learning, optimization, and neural networks. <br><br></li></ul><strong>Education <br><br></strong><ul><li>Bachelor’s or Master’s degree in Computer Science, AI or related fields. </li><li>Research experience in large-scale AI, multimodal models, or reinforcement learning is a plus.<br><br></li></ul><strong>Salary Range : 20000-25000 BDT (Based on experience and skill level) <br><br></strong><strong>Why RacoAI <br><br></strong><ul><li>You will work with people who take their responsibilities seriously. </li><li>Clear direction and decision-making from leadership (Team Lead,COO). </li><li>A culture where quality is expected, not negotiated. </li><li>Honest communication, realistic timelines, and mutual respect. </li><li>Opportunity to build products you can be proud of. </li><li>A workplace that rewards discipline, clarity, and continuous improvement. <br><br></li></ul><strong>Employee Facilities<br><br></strong><ul><li>Annual bonus of up to 100% of monthly salary. </li><li>5% bonus on project completion acquired by you </li><li>Yearly two increment </li><li>Office Snacks &amp; Refreshments<br><br></li></ul>Complimentary snacks and refreshments to support a comfortable and productive work environment.<br><br><ul><li>Supportive &amp; Respectful Workplace <br><br></li></ul>A professional environment built on mutual respect, clear communication, ethical practices, and long-term employee well-being.<br><br><strong>Requirements<br><br></strong><ul><li> Experience: N/A </li><li> Education: Bachelor’s or Master’s degree in Computer Science, AI or related fields </li><li> Skills: Object-Oriented Programming (OOP), Data Structures &amp; Algorithms, LLM, RAG, VLM, STT, TTS, Multimodal AI architectures, Reinforcement learning (RL), RLHF, Python, FastAPI, PostgreSQL, MongoDB, Distributed training, GPU pipelines, Machine learning, Optimization, Neural networks <br><br></li></ul><strong>Last Date of Application:</strong> 09 March 2026",200,2026-03-03,2026-04-02,https://nextjobz.com.bd/job/IJOB202613918?src=Linkedin,https://bd.linkedin.com/jobs/view/ai-engineer-at-nextjobz-4361893800?refId=lpJT0km96FSwSV3WDA4r7A%3D%3D&trackingId=ftLu%2BE79%2BlwKBT4MSkUV2A%3D%3D&position=5&pageNum=0,,,,85.0,"Similar to Job 3, candidate's ML and AI skills are highly relevant for building AI-driven products, with strong experience in model fine-tuning and deployment.",2026-03-05 15:33:11,False,False,scored
9216FF,4378809427,Senior Solution Architect,Intelligent Machines,https://bd.linkedin.com/company/intelligent-machines-ltd?trk=public_jobs_jserp-result_job-search-card-subtitle,https://intelmachines.ai,https://media.licdn.com/dms/image/v2/D560BAQEkAurbt6O4qQ/company-logo_100_100/B56ZnNE5ZvHUAQ-/0/1760082237567?e=1774483200&v=beta&t=14pImgJuoSY_CVW7JyzOLTTcopKBVq9fj05PkR-cA1w,"We solve mission-critical business problems faster than anyone else. From AI-powered enterprise solutions to custom-built integrations, we transform complexity into clarity and empower businesses with cutting-edge technology.

",29,"Dhaka, Bangladesh",onsite,,,,Full-time,,,"Role Title: Senior Solution Architect (L3)Team: Central Support Team (All IM Products)Location: DhakaCompany: Intelligent Machines (IM)Reports To: Executive Director Role OverviewIM is seeking a Senior Solution Architect (L3) to define and govern the technical architecture across multiple product lines including Dexter, Biponon, Infinity (Retail &amp; Business), Bitoron, ACS, and AI platforms.This is a strategic + technical leadership role, responsible for architecture standards, cross-team alignment, and long-term scalability decisions.Key ResponsibilitiesOwn IM’s overall solution architecture framework across productsDefine architectural principles, patterns, and best practicesLead complex system design for large, multi-team initiativesReview and approve solution designs proposed by L2 architects and tech leadsEnsure consistency across backend, frontend, app, AI, and data platformsWork closely with Product Leadership to align architecture with roadmapGuide cloud strategy, security posture, and performance standardsMentor solution architects and senior engineersSupport critical escalations, performance bottlenecks, and system risksInfluence build-vs-buy decisions and third-party integrationsMust-Have Skills7+ years of experience in software engineering &amp; architectureProven experience designing large-scale, multi-system architecturesStrong experience with backend systems (Node.js + Python)Strong backend and system design backgroundDeep understanding of APIs, data modeling, scalability, and securityExperience leading architecture across multiple teams or productsAbility to communicate complex technical concepts to non-technical stakeholdersShould-Have SkillsStrong cloud architecture experience (AWS / GCP / Azure)Experience with AI/ML systems, data platforms, or analytics pipelinesExposure to enterprise-grade systems (retail, BFSI, logistics, telco, etc.)Experience defining technical standards and governance modelsNice-to-HaveExperience in SaaS or platform-based companiesExposure to cost optimization and performance tuning at scalePrior experience in technical leadership or principal engineer rolesSeniority &amp; ExpectationsOwns architecture vision and standards across IMActs as final authority on major technical decisionsMentors architects, tech leads, and senior engineersWhy Join IMShape the architecture of one of Bangladesh’s leading AI companiesHigh visibility role working directly with founders and leadershipInfluence long-term technical direction across multiple AI products","<p><strong>Role Title: Senior Solution Architect (L3)</strong></p><p><strong>Team:</strong> Central Support Team (All IM Products)</p><p><strong>Location:</strong> Dhaka</p><p><strong>Company:</strong> Intelligent Machines (IM)</p><p><strong>Reports To:</strong> Executive Director </p><p><br></p><p><br></p><p><strong>Role Overview</strong></p><p>IM is seeking a <strong>Senior Solution Architect (L3)</strong> to define and govern the <strong>technical architecture across multiple product lines</strong> including Dexter, Biponon, Infinity (Retail &amp; Business), Bitoron, ACS, and AI platforms.</p><p>This is a <strong>strategic + technical leadership role</strong>, responsible for <strong>architecture standards, cross-team alignment, and long-term scalability decisions</strong>.</p><p><br></p><p><br></p><p><strong>Key Responsibilities</strong></p><ul><li>Own IM’s <strong>overall solution architecture framework</strong> across products</li><li>Define architectural principles, patterns, and best practices</li><li>Lead complex system design for large, multi-team initiatives</li><li>Review and approve solution designs proposed by L2 architects and tech leads</li><li>Ensure consistency across backend, frontend, app, AI, and data platforms</li><li>Work closely with Product Leadership to align architecture with roadmap</li><li>Guide cloud strategy, security posture, and performance standards</li><li>Mentor solution architects and senior engineers</li><li>Support critical escalations, performance bottlenecks, and system risks</li><li>Influence build-vs-buy decisions and third-party integrations</li></ul><p><br></p><p><br></p><p><strong>Must-Have Skills</strong></p><ul><li>7+ years of experience in software engineering &amp; architecture</li><li>Proven experience designing <strong>large-scale, multi-system architectures</strong></li><li><strong>Strong experience with backend systems (<u>Node.js</u> + Python)</strong></li><li>Strong backend and system design background</li><li>Deep understanding of APIs, data modeling, scalability, and security</li><li>Experience leading architecture across multiple teams or products</li><li>Ability to communicate complex technical concepts to non-technical stakeholders</li></ul><p><br></p><p><br></p><p><strong>Should-Have Skills</strong></p><ul><li>Strong cloud architecture experience (AWS / GCP / Azure)</li><li>Experience with AI/ML systems, data platforms, or analytics pipelines</li><li>Exposure to enterprise-grade systems (retail, BFSI, logistics, telco, etc.)</li><li>Experience defining technical standards and governance models</li></ul><p><br></p><p><br></p><p><strong>Nice-to-Have</strong></p><ul><li>Experience in SaaS or platform-based companies</li><li>Exposure to cost optimization and performance tuning at scale</li><li>Prior experience in technical leadership or principal engineer roles</li></ul><p><br></p><p><br></p><p><strong>Seniority &amp; Expectations</strong></p><ul><li>Owns architecture vision and standards across IM</li><li>Acts as final authority on major technical decisions</li><li>Mentors architects, tech leads, and senior engineers</li></ul><p><br></p><p><br></p><p><strong>Why Join IM</strong></p><ul><li>Shape the architecture of one of Bangladesh’s leading AI companies</li><li>High visibility role working directly with founders and leadership</li><li>Influence long-term technical direction across multiple AI products</li></ul><p></p>",25,2026-03-02,2026-04-01,,https://bd.linkedin.com/jobs/view/senior-solution-architect-at-intelligent-machines-4378809427?refId=lpJT0km96FSwSV3WDA4r7A%3D%3D&trackingId=8XrUw%2BQbr0ufXtSnpKtk8A%3D%3D&position=9&pageNum=0,Mohammad Foysal Hosen,HR Specialist | Recruitment | Employee Engagement | Policy & Compliance | Leadership | People & Culture | OD | HRBP,https://bd.linkedin.com/in/foysal-hosen,30.0,"The senior solution architect role requires extensive architecture and leadership experience, which is not demonstrated in the candidate's profile.",2026-03-05 15:33:11,False,False,scored
D71E6D,4377730451,Junior Backend Engineer,nextjobz,https://bd.linkedin.com/company/next-jobz?trk=public_jobs_jserp-result_job-search-card-subtitle,https://nextjobz.com.bd/,https://media.licdn.com/dms/image/v2/D560BAQHzJUz67NJ0ZA/company-logo_100_100/B56ZqcJHx2I0AQ-/0/1763556228904?e=1774483200&v=beta&t=ycFbQZeT_upFYM6ThTF71ZswOLRFSQhy-Ff-89scopM,"Nextjobz is a career platform powered by Akij Resource, designed to bridge the gap between talent and opportunity.",18,"Dhaka, Dhaka, Bangladesh",onsite,,,Internship,Full-time,Engineering and Information Technology,Staffing and Recruiting,"Company Name: RACOLocation: DhakaJob Type: Full-TimeWorkplace Type: On-SiteJob ID: IJOB202500111We're looking for a Backend Developer who is eager to learn, hungry to build, and ready to contribute to the next generation of AI products at RacoAI.Role OverviewAs a Backend Engineer at RacoAI, you will work on designing APIs, database schemas, distributed systems, and cloud-native services. You will collaborate with our product and AI teams to build smart, scalable backend systems powering our AI-driven products.Key ResponsibilitiesDesign schema and relationships — Plan database tables, structures, and entity relationships.Write queries and migrations — Create, update, and maintain schemas with proper versioning.Optimize DB performance — Implement indexing, caching strategies, and optimized joins.Async/parallel processing — Build background workers and concurrent operations.Queue systems — Implement Kafka/ Redis queues for asynchronous task processing.Payments &amp; integrations — Integrate Stripe, PayPal, and mobile banking platforms.Email service integration — Use Send Grid, SMTP, or similar email providers.API documentation — Maintain clear API specifications using Swagger/ OpenAPI.Real-time communication — Implement Web Sockets, WebRTC, Socket.IO, and Webhooks.CI/CD pipelines — Automate testing, building, and deployments.Containerization — Package backend services using Docker/Kubernetes.Server configuration — Optimize server setups with NGINX, pm2, Unicorn, or Unicorn.Cloud deployment — Deploy backend services on AWS, GCP, Azure, or Digital OceanRequirements Experience: N/A  Education: Bachelor of Science (BSc) in Computer Science Bachelorʼs degree in Computer Science, or a related field. Fresh graduates or final-year students are strongly encouraged to apply., Fresh graduates or final-year students are strongly encouraged to apply  Skills: Strong understanding of Object-Oriented Programming (OOP)., Good foundation in Data Structures &amp; Algorithms., Node.js + Express.js — REST API development using JavaScript/TypeScript, Django REST Framework — Backend development with Python and ORM capabilities., Golang — Building high-performance microservices and scalable backend systems., Experience with async/parallel processing using WebSocket, WebRTC, Socket.IO, , Experience with payment integrations — Stripe, PayPal, mobile banking (bKash, Rocket, Nagad, etc.) Last Date of Application: 09 March 2026","<strong>Company Name:</strong> RACO<br><br><strong>Location:</strong> Dhaka<br><br><strong>Job Type:</strong> Full-Time<br><br><strong>Workplace Type:</strong> On-Site<br><br><strong>Job ID:</strong> IJOB202500111<br><br>We're looking for a <strong>Backend Developer</strong> who is eager to learn, hungry to build, and ready to contribute to the next generation of AI products at RacoAI.<br><br><strong>Role Overview<br><br></strong>As a Backend Engineer at RacoAI, you will work on designing APIs, database schemas, distributed systems, and cloud-native services. You will collaborate with our product and AI teams to build smart, scalable backend systems powering our AI-driven products.<br><br><strong>Key Responsibilities<br><br></strong><ul><li>Design schema and relationships — Plan database tables, structures, and entity relationships.</li><li>Write queries and migrations — Create, update, and maintain schemas with proper versioning.</li><li>Optimize DB performance — Implement indexing, caching strategies, and optimized joins.</li><li>Async/parallel processing — Build background workers and concurrent operations.</li><li>Queue systems — Implement Kafka/ Redis queues for asynchronous task processing.</li><li>Payments &amp; integrations — Integrate Stripe, PayPal, and mobile banking platforms.</li><li>Email service integration — Use Send Grid, SMTP, or similar email providers.</li><li>API documentation — Maintain clear API specifications using Swagger/ OpenAPI.</li><li>Real-time communication — Implement Web Sockets, WebRTC, Socket.IO, and Webhooks.</li><li>CI/CD pipelines — Automate testing, building, and deployments.</li><li>Containerization — Package backend services using Docker/Kubernetes.</li><li>Server configuration — Optimize server setups with NGINX, pm2, Unicorn, or Unicorn.</li><li>Cloud deployment — Deploy backend services on AWS, GCP, Azure, or Digital Ocean<br><br></li></ul><strong>Requirements<br><br></strong><ul><li> Experience: N/A </li><li> Education: Bachelor of Science (BSc) in Computer Science Bachelorʼs degree in Computer Science, or a related field. Fresh graduates or final-year students are strongly encouraged to apply., Fresh graduates or final-year students are strongly encouraged to apply </li><li> Skills: Strong understanding of Object-Oriented Programming (OOP)., Good foundation in Data Structures &amp; Algorithms., Node.js + Express.js — REST API development using JavaScript/TypeScript, Django REST Framework — Backend development with Python and ORM capabilities., Golang — Building high-performance microservices and scalable backend systems., Experience with async/parallel processing using WebSocket, WebRTC, Socket.IO, , Experience with payment integrations — Stripe, PayPal, mobile banking (bKash, Rocket, Nagad, etc.) <br><br></li></ul><strong>Last Date of Application:</strong> 09 March 2026",198,2026-03-02,2026-04-01,https://nextjobz.com.bd/job/IJOB202500111?src=Linkedin,https://bd.linkedin.com/jobs/view/junior-backend-engineer-at-nextjobz-4377730451?refId=lpJT0km96FSwSV3WDA4r7A%3D%3D&trackingId=d9LDBTpo1E%2BJ%2FpDPq6W0Sg%3D%3D&position=3&pageNum=0,,,,40.0,"Candidate has backend development skills but limited experience in backend engineering or API design, making this internship role less aligned.",2026-03-05 15:33:11,False,False,scored
DD138D,4377733405,Junior AI Engineer,nextjobz,https://bd.linkedin.com/company/next-jobz?trk=public_jobs_jserp-result_job-search-card-subtitle,https://nextjobz.com.bd/,https://media.licdn.com/dms/image/v2/D560BAQHzJUz67NJ0ZA/company-logo_100_100/B56ZqcJHx2I0AQ-/0/1763556228904?e=1774483200&v=beta&t=ycFbQZeT_upFYM6ThTF71ZswOLRFSQhy-Ff-89scopM,"Nextjobz is a career platform powered by Akij Resource, designed to bridge the gap between talent and opportunity.",18,"Dhaka, Dhaka, Bangladesh",onsite,,,Internship,Full-time,Engineering and Information Technology,Staffing and Recruiting,"Company Name: RACOLocation: DhakaJob Type: Full-TimeWorkplace Type: On-SiteJob ID: IJOB202500115Responsibilities &amp; ContextWeʼre looking for a AI ENGINEER who is eager to learn, hungry to build, and ready to contribute to the next generation of AI products at RacoAI.Role OverviewAs an AI Engineer at RacoAI, you will design, build, and optimize state-of-the-art AI systems, focusing on Large Language Models (LLMs), Retrieval-Augmented Generation (RAG), Vision Language Models (VLM), Speech-to-Text (STT), Text-to-Speech (TTS), and Multimodal Analysis. You will create, fine-tune, adapt, and train models for production-level applications, while collaborating with product and backend teams to deploy AI-driven solutions. Your work will directly impact how RacoAI delivers cutting-edge AI capabilities to our customers.Key Responsibilities Design, fine-tune, and train LLMs, RAG, VLM, STT, TTS, and multimodal AI models.Implement reinforcement learning pipelines and RLHF (Reinforcement Learning with Human Feedback) for model optimisation.Develop scalable AI APIs and services using Fast API. Design and maintain database sachems and model metadata in PostgreSQL and MongoDB.Evaluate model performance, implement improvements, and ensure reliability and robustness. Collaborate with backend and product teams to integrate AI models into production systems.Research and prototype new AI architectures, frameworks, and training techniques.Optimise training pipelines for performance, cost, and scalability.Maintain clear documentation of AI models, experiments, and training workflowsRequirements Experience: N/A  Education: Bachelor of Science (BSc) in Computer Science Bachelorʼs degree in Computer Science, or a related field. Fresh graduates or final-year students are strongly encouraged to apply., Fresh graduates or final-year students are strongly encouraged to apply  Skills: Strong understanding of Object-Oriented Programming (OOP)., Good foundation in Data Structures &amp; Algorithms., Node.js + Express.js — REST API development using JavaScript/TypeScript, Django REST Framework — Backend development with Python and ORM capabilities., Golang — Building high-performance microservices and scalable backend systems., Experience with async/parallel processing using WebSocket, WebRTC, Socket.IO, , Experience with payment integrations — Stripe, PayPal, mobile banking (bKash, Rocket, Nagad, etc.), Proven expertise in LLM, RAG, VLM, STT, TTS, and multimodal AI architectures Last Date of Application: 09 March 2026","<strong>Company Name:</strong> RACO<br><br><strong>Location:</strong> Dhaka<br><br><strong>Job Type:</strong> Full-Time<br><br><strong>Workplace Type:</strong> On-Site<br><br><strong>Job ID:</strong> IJOB202500115<br><br><strong>Responsibilities &amp; Context<br><br></strong>Weʼre looking for a AI ENGINEER who is eager to learn, hungry to build, and ready to contribute to the next generation of AI products at RacoAI.<br><br><strong>Role Overview<br><br></strong>As an AI Engineer at RacoAI, you will design, build, and optimize state-of-the-art AI systems, focusing on Large Language Models (LLMs), Retrieval-Augmented Generation (RAG), Vision Language Models (VLM), Speech-to-Text (STT), Text-to-Speech (TTS), and Multimodal Analysis. You will create, fine-tune, adapt, and train models for production-level applications, while collaborating with product and backend teams to deploy AI-driven solutions. Your work will directly impact how RacoAI delivers cutting-edge AI capabilities to our customers.<br><br><strong>Key Responsibilities<br><br></strong><ul><li> Design, fine-tune, and train LLMs, RAG, VLM, STT, TTS, and multimodal AI models.</li><li>Implement reinforcement learning pipelines and RLHF (Reinforcement Learning with Human Feedback) for model optimisation.</li><li>Develop scalable AI APIs and services using Fast API. Design and maintain database sachems and model metadata in PostgreSQL and MongoDB.</li><li>Evaluate model performance, implement improvements, and ensure reliability and robustness. Collaborate with backend and product teams to integrate AI models into production systems.</li><li>Research and prototype new AI architectures, frameworks, and training techniques.</li><li>Optimise training pipelines for performance, cost, and scalability.</li><li>Maintain clear documentation of AI models, experiments, and training workflows<br><br></li></ul><strong>Requirements<br><br></strong><ul><li> Experience: N/A </li><li> Education: Bachelor of Science (BSc) in Computer Science Bachelorʼs degree in Computer Science, or a related field. Fresh graduates or final-year students are strongly encouraged to apply., Fresh graduates or final-year students are strongly encouraged to apply </li><li> Skills: Strong understanding of Object-Oriented Programming (OOP)., Good foundation in Data Structures &amp; Algorithms., Node.js + Express.js — REST API development using JavaScript/TypeScript, Django REST Framework — Backend development with Python and ORM capabilities., Golang — Building high-performance microservices and scalable backend systems., Experience with async/parallel processing using WebSocket, WebRTC, Socket.IO, , Experience with payment integrations — Stripe, PayPal, mobile banking (bKash, Rocket, Nagad, etc.), Proven expertise in LLM, RAG, VLM, STT, TTS, and multimodal AI architectures <br><br></li></ul><strong>Last Date of Application:</strong> 09 March 2026",180,2026-03-02,2026-04-01,https://nextjobz.com.bd/job/IJOB202500115?src=Linkedin,https://bd.linkedin.com/jobs/view/junior-ai-engineer-at-nextjobz-4377733405?refId=lpJT0km96FSwSV3WDA4r7A%3D%3D&trackingId=PIOCrkrkZ7gA318I827raw%3D%3D&position=1&pageNum=0,,,,80.0,"Candidate's ML and NLP skills, especially in LLMs and model fine-tuning, are highly relevant for this AI internship focusing on advanced AI systems.",2026-03-05 15:33:11,False,False,scored
FF9242,4379111822,Full Stack AI Engineer,TygrLabs,https://bd.linkedin.com/company/tygrlabs?trk=public_jobs_jserp-result_job-search-card-subtitle,tygrlabs.co,https://media.licdn.com/dms/image/v2/D560BAQG1E7zWe30FgQ/company-logo_100_100/company-logo_100_100/0/1722461455622/tygrlabs_logo?e=1774483200&v=beta&t=WGzBi9kATrcUCyl3982UhctFMaOxwZHMeoVgTxtfl7A,"TygrLabs aspires to redefine industry benchmarks, by leveraging on our people, partners and performance.",58,"Dhaka, Dhaka, Bangladesh",onsite,,,Associate,Full-time,Engineering and Information Technology,Business Consulting and Services,"Full-Stack AI Engineer Company: TygrLabsLocation: Gulshan, Dhaka, BangladeshWorking Hours: 12 PM – 9 PM (5 days per week)Job Type: Full-timePosition OverviewWe are looking for a highly skilled Full Stack AI Engineer with expertise in Next.js, real time audio processing, and AI workflow orchestration to join our growing Innovations team.Key ResponsibilitiesAI &amp; Real Time Audio SystemsBuild and maintain real-time audio processing pipelines, including microphone capture, streaming, and on the fly speech transcription.Implement robust WebSocket-based real time speech-to-text systems and bi-directional data flows.Integrate and optimize AI-driven workflows using frameworks such as Google Genkit, LangChain, or similar LLM orchestration tools.Design structured JSON outputs, prompt templates, and evaluation systems for LLM interactions.Frontend Engineering (Next.js &amp; React)Build scalable, performant applications using Next.js (App Router), React, and TypeScript.Develop responsive UI components using Tailwind CSS, Radix UI, or shadcn/ui.Create real-time dashboards, visual analytics, and interactive data visualizations using Recharts.Implement animations and microinteractions using Framer Motion for smooth UX.Real Time &amp; Backend SystemsArchitect and maintain WebSocket infrastructure for real-time events, audio streams, and transcript updates.Integrate serverless backend services using Firebase &amp; Firestore.Ensure low-latency data synchronization, high availability, and performance optimization across the stack.Performance &amp; QualityApply modern optimization strategies to ensure smooth, real-time user experiences.Use React Hook Form, Zod, and schema-driven validation to ensure data integrity.Collaborate cross-functionally with product, AI, and UX teams to deliver world-class digital experiences aligned with TygrLabs innovative product standards.________________________________________Core Tech StackNext.js (App Router), React, TypeScriptTailwind CSS, Radix UI, shadcn/uiFirebase, FirestoreRecharts, Framer MotionWebSockets, Web Audio API, Media StreamsReact Hook Form, ZodQualificationsFrontend &amp; Full Stack Expertise3+ years of experience with React and Next.jsStrong TypeScript and component-driven architecture knowledgeExperience with responsive UI systems and design librariesBachelors degree in CSE (preferred)AI &amp; Audio EngineeringHands-on experience with Web Audio API, microphone input, buffer management, and audio streamingFamiliarity with speech-to-text systems (e.g., Deepgram, Whisper, AssemblyAI, Google STT)Real-Time SystemsProven expertise implementing WebSockets and real-time data pipelinesBackend &amp; CloudExperience with Firebase Authentication, Firestore data modeling, and serverless functions________________________________________Nice to HaveExperience with Google Genkit, LangChain, or other AI orchestration frameworksBackground in AI-powered SaaS product developmentExposure to travel-tech or mobility platformsKnowledge of analytics dashboards, agent workflows, or LLM tool-usage patternsBenefits &amp; PerksAt TygrLabs, we believe in taking care of our team. Our benefits include:Annual Merit Increase Based on Performance Festival Bonus Monthly Meal AllowanceHealth Insurance for employee and dependentsHealth &amp; Wellness Program Paid Time Off Annual Team Outing Learning &amp; Development OpportunitiesCompany Websitewww.tygrlabs.co","<strong>Full-Stack AI Engineer <br><br></strong><strong>Company:</strong> TygrLabs<br><br><strong>Location:</strong> Gulshan, Dhaka, Bangladesh<br><br><strong>Working Hours: </strong>12 PM – 9 PM (5 days per week)<br><br><strong>Job Type:</strong> Full-time<br><br><strong>Position Overview<br><br></strong>We are looking for a highly skilled Full Stack AI Engineer with expertise in Next.js, real time audio processing, and AI workflow orchestration to join our growing Innovations team.<br><br><strong>Key Responsibilities<br><br></strong><strong>AI &amp; Real Time Audio Systems<br><br></strong><ul><li>Build and maintain real-time audio processing pipelines, including microphone capture, streaming, and on the fly speech transcription.</li><li>Implement robust WebSocket-based real time speech-to-text systems and bi-directional data flows.</li><li>Integrate and optimize AI-driven workflows using frameworks such as Google Genkit, LangChain, or similar LLM orchestration tools.</li><li>Design structured JSON outputs, prompt templates, and evaluation systems for LLM interactions.<br><br><br></li></ul><strong>Frontend Engineering (Next.js &amp; React)<br><br></strong><ul><li>Build scalable, performant applications using Next.js (App Router), React, and TypeScript.</li><li>Develop responsive UI components using Tailwind CSS, Radix UI, or shadcn/ui.</li><li>Create real-time dashboards, visual analytics, and interactive data visualizations using Recharts.</li><li>Implement animations and microinteractions using Framer Motion for smooth UX.<br><br><br></li></ul><strong>Real Time &amp; Backend Systems<br><br></strong><ul><li>Architect and maintain WebSocket infrastructure for real-time events, audio streams, and transcript updates.</li><li>Integrate serverless backend services using Firebase &amp; Firestore.</li><li>Ensure low-latency data synchronization, high availability, and performance optimization across the stack.<br><br><br></li></ul><strong>Performance &amp; Quality<br><br></strong><ul><li>Apply modern optimization strategies to ensure smooth, real-time user experiences.</li><li>Use React Hook Form, Zod, and schema-driven validation to ensure data integrity.</li><li>Collaborate cross-functionally with product, AI, and UX teams to deliver world-class digital experiences aligned with TygrLabs innovative product standards.<br><br><br></li></ul><strong>________________________________________<br><br></strong><strong>Core Tech Stack<br><br></strong><ul><li>Next.js (App Router), React, TypeScript</li><li>Tailwind CSS, Radix UI, shadcn/ui</li><li>Firebase, Firestore</li><li>Recharts, Framer Motion</li><li>WebSockets, Web Audio API, Media Streams</li><li>React Hook Form, Zod<br><br><br></li></ul><strong>Qualifications<br><br></strong><strong>Frontend &amp; Full Stack Expertise<br><br></strong><ul><li>3+ years of experience with React and Next.js</li><li>Strong TypeScript and component-driven architecture knowledge</li><li>Experience with responsive UI systems and design libraries</li><li>Bachelors degree in CSE (preferred)<br><br><br></li></ul><strong>AI &amp; Audio Engineering<br><br></strong><ul><li>Hands-on experience with Web Audio API, microphone input, buffer management, and audio streaming</li><li>Familiarity with speech-to-text systems (e.g., Deepgram, Whisper, AssemblyAI, Google STT)<br><br><br></li></ul><strong>Real-Time Systems<br><br></strong><ul><li>Proven expertise implementing WebSockets and real-time data pipelines<br><br><br></li></ul><strong>Backend &amp; Cloud<br><br></strong><ul><li>Experience with Firebase Authentication, Firestore data modeling, and serverless functions<br><br><br></li></ul><strong>________________________________________<br><br></strong><strong>Nice to Have<br><br></strong><ul><li>Experience with Google Genkit, LangChain, or other AI orchestration frameworks</li><li>Background in AI-powered SaaS product development</li><li>Exposure to travel-tech or mobility platforms</li><li>Knowledge of analytics dashboards, agent workflows, or LLM tool-usage patterns<br><br><br></li></ul><strong>Benefits &amp; Perks<br><br></strong>At TygrLabs, we believe in taking care of our team. Our benefits include:<br><br><ul><li>Annual Merit Increase Based on Performance </li><li>Festival Bonus </li><li>Monthly Meal Allowance</li><li>Health Insurance for employee and dependents</li><li>Health &amp; Wellness Program </li><li>Paid Time Off </li><li>Annual Team Outing </li><li>Learning &amp; Development Opportunities<br><br><br></li></ul><strong>Company Website<br><br></strong>www.tygrlabs.co",87,2026-03-03,2026-04-02,https://www.careers-page.com/tygrlabs-ltd/job/X9675X4R?utm_medium=free_job_board&utm_source=linkedin,https://bd.linkedin.com/jobs/view/full-stack-ai-engineer-at-tygrlabs-4379111822?refId=lpJT0km96FSwSV3WDA4r7A%3D%3D&trackingId=XoQVHcluVSSh5JNtyJAURw%3D%3D&position=2&pageNum=0,,,,75.0,"Candidate's expertise in real-time ML workflows and NLP aligns well with the full-stack AI engineer role, though experience with real-time audio processing is not specified.",2026-03-05 15:33:11,True,False,scored
